{
  "benchmark": "cancel_deadline_slo",
  "quick_mode": true,
  "requested_concurrency": 1000,
  "scenario_duration_secs": 5.0,
  "total_observations": 165521000,
  "scenarios": [
    {
      "name": "manual_call_context",
      "concurrency": 1000,
      "batches": 71431,
      "observations": 71431000,
      "runtime_secs": 5.121260401,
      "deadline_checks": 71431000,
      "deadline_violations": 0,
      "latency_us": {
        "p50": 27.929,
        "p95": 59.222,
        "p99": 75.56604000000004,
        "mean": 28.697304923532176,
        "min": 0.04,
        "max": 47041.746,
        "samples_recorded": 1000000,
        "total_observations": 71431000
      }
    },
    {
      "name": "runtime_sugar_context",
      "concurrency": 1000,
      "batches": 94090,
      "observations": 94090000,
      "runtime_secs": 5.10905929,
      "deadline_checks": 94090000,
      "deadline_violations": 0,
      "latency_us": {
        "p50": 25.99,
        "p95": 50.36504999999993,
        "p99": 65.19102000000002,
        "mean": 26.416161568573965,
        "min": 0.04,
        "max": 1185.523,
        "samples_recorded": 1000000,
        "total_observations": 94090000
      }
    }
  ]
}
