{
  "benchmark": "async_contract_overhead",
  "quick_mode": false,
  "iterations": 100000,
  "scenarios": [
    {
      "name": "generic_service",
      "samples": 100000,
      "latency_ns": {
        "p50": 4233.0,
        "p95": 5470.5999999999985,
        "p99": 6617.559999999992,
        "mean": 4477.1413947536785,
        "min": 3603,
        "max": 9027
      },
      "allocations": {
        "allocations": 200001,
        "allocation_bytes": 1600048,
        "reallocations": 0,
        "reallocation_bytes": 0,
        "allocations_per_iter": 2.00001,
        "allocation_bytes_per_iter": 16.00048
      }
    },
    {
      "name": "boxed_service",
      "samples": 100000,
      "latency_ns": {
        "p50": 4386.0,
        "p95": 5563.9,
        "p99": 6339.38,
        "mean": 4597.95713371721,
        "min": 4279,
        "max": 9455
      },
      "allocations": {
        "allocations": 300005,
        "allocation_bytes": 12800152,
        "reallocations": 0,
        "reallocation_bytes": 0,
        "allocations_per_iter": 3.00005,
        "allocation_bytes_per_iter": 128.00152
      }
    }
  ],
  "p99_overhead_ratio": 0.9579633580957343,
  "p99_overhead_percent": -4.20366419042657,
  "allocation_overhead_percent": 50.001749991250044
}