{
  "benchmark": "async_contract_overhead",
  "quick_mode": false,
  "iterations": 100000,
  "scenarios": [
    {
      "name": "manual_service",
      "samples": 100000,
      "latency_ns": {
        "p50": 4317.0,
        "p95": 4705.599999999999,
        "p99": 5054.559999999992,
        "mean": 4380.80742162508,
        "min": 4289,
        "max": 5914
      },
      "allocations": {
        "allocations": 200001,
        "allocation_bytes": 1600048,
        "reallocations": 0,
        "reallocation_bytes": 0,
        "allocations_per_iter": 2.00001,
        "allocation_bytes_per_iter": 16.00048
      }
    },
    {
      "name": "macro_service",
      "samples": 100000,
      "latency_ns": {
        "p50": 4322.0,
        "p95": 4643.0,
        "p99": 4929.039999999999,
        "mean": 4380.264235444658,
        "min": 4290,
        "max": 19047
      },
      "allocations": {
        "allocations": 200001,
        "allocation_bytes": 1600048,
        "reallocations": 0,
        "reallocation_bytes": 0,
        "allocations_per_iter": 2.00001,
        "allocation_bytes_per_iter": 16.00048
      }
    }
  ],
  "p99_overhead_ratio": 0.9751669779367554,
  "macro_p99_overhead": -0.02483302206324456,
  "p99_overhead_percent": -2.483302206324456,
  "allocation_overhead_percent": 0.0
}
