{
  "benchmark": "async_contract_overhead",
  "quick_mode": true,
  "iterations": 20000,
  "scenarios": [
    {
      "name": "manual_service",
      "samples": 20000,
      "latency_ns": {
        "p50": 3066.0,
        "p95": 3371.9999999999995,
        "p99": 3908.8399999999992,
        "mean": 3128.7667731629394,
        "min": 3062,
        "max": 4185
      },
      "allocations": {
        "allocations": 40001,
        "allocation_bytes": 320048,
        "reallocations": 0,
        "reallocation_bytes": 0,
        "allocations_per_iter": 2.00005,
        "allocation_bytes_per_iter": 16.0024
      }
    },
    {
      "name": "macro_service",
      "samples": 20000,
      "latency_ns": {
        "p50": 3070.0,
        "p95": 3348.6,
        "p99": 3553.7599999999998,
        "mean": 3121.9329073482427,
        "min": 3066,
        "max": 4206
      },
      "allocations": {
        "allocations": 40001,
        "allocation_bytes": 320048,
        "reallocations": 0,
        "reallocation_bytes": 0,
        "allocations_per_iter": 2.00005,
        "allocation_bytes_per_iter": 16.0024
      }
    }
  ],
  "p99_overhead_ratio": 0.9091597507188834,
  "macro_p99_overhead": -0.09084024928111656,
  "p99_overhead_percent": -9.084024928111656,
  "allocation_overhead_percent": 0.0
}