{
  "benchmark": "zerocopy_extremes",
  "quick_mode": false,
  "iterations": 64000,
  "batch_size": 128,
  "scenarios": [
    {
      "name": "single_large_chunk",
      "total_bytes": 524288,
      "expected_chunks": 1,
      "samples": 500,
      "ns_per_iter": {
        "p50": 6,
        "p95": 6,
        "p99": 10,
        "mean": 6.492,
        "min": 6,
        "max": 151
      },
      "ns_per_kb": {
        "p50": 0.01171875,
        "p95": 0.01171875,
        "p99": 0.01953125,
        "mean": 0.0126796875,
        "min": 0.01171875,
        "max": 0.294921875
      }
    },
    {
      "name": "many_tiny_chunks",
      "total_bytes": 524288,
      "expected_chunks": 4096,
      "samples": 500,
      "ns_per_iter": {
        "p50": 16023,
        "p95": 16933,
        "p99": 18220,
        "mean": 16127.862,
        "min": 15408,
        "max": 23683
      },
      "ns_per_kb": {
        "p50": 31.294921875,
        "p95": 33.071484375,
        "p99": 35.586464843749994,
        "mean": 31.49973046875,
        "min": 30.09375,
        "max": 46.255859375
      }
    }
  ]
}
