{
  "benchmark": "zerocopy_extremes",
  "quick_mode": true,
  "iterations": 6400,
  "batch_size": 32,
  "scenarios": [
    {
      "name": "single_large_chunk",
      "total_bytes": 524288,
      "expected_chunks": 1,
      "samples": 200,
      "ns_per_iter": {
        "p50": 10,
        "p95": 10,
        "p99": 11,
        "mean": 10.07,
        "min": 9,
        "max": 40
      },
      "ns_per_kb": {
        "p50": 0.01953125,
        "p95": 0.01953125,
        "p99": 0.021503906249999982,
        "mean": 0.01966796875,
        "min": 0.017578125,
        "max": 0.078125
      }
    },
    {
      "name": "many_tiny_chunks",
      "total_bytes": 524288,
      "expected_chunks": 4096,
      "samples": 200,
      "ns_per_iter": {
        "p50": 23266,
        "p95": 25882,
        "p99": 32785,
        "mean": 23588.935,
        "min": 21725,
        "max": 34111
      },
      "ns_per_kb": {
        "p50": 45.44140625,
        "p95": 50.55019531249999,
        "p99": 64.03412109374999,
        "mean": 46.072138671875,
        "min": 42.431640625,
        "max": 66.623046875
      }
    }
  ]
}
